{"cameraMode":{"drawMode":0,"name":"Shaded","section":"Shading Mode"},"sceneLighting":true,"audioPlay":false,"sceneViewState":{"showFog":true,"showMaterialUpdate":false,"showSkybox":true,"showFlares":true,"showImageEffects":true,"showParticleSystems":true},"in2DMode":false,"pivot":{"x":10.424877166748047,"y":2.3743362426757814,"z":-30.674692153930665},"rotation":{"x":0.023495329543948175,"y":0.29714518785476687,"z":-0.007312890607863665,"w":0.9545152187347412},"size":24.508737564086915,"orthographic":false}