{"cameraMode":{"drawMode":0,"name":"Shaded","section":"Shading Mode"},"sceneLighting":false,"audioPlay":false,"sceneViewState":{"showFog":true,"showMaterialUpdate":false,"showSkybox":false,"showFlares":true,"showImageEffects":true,"showParticleSystems":true},"in2DMode":false,"pivot":{"x":-1.0176162719726563,"y":7.515544891357422,"z":0.6595432758331299},"rotation":{"x":-0.11670929193496704,"y":0.0737609788775444,"z":-0.00868458766490221,"w":-0.9903852343559265},"size":31.75596809387207,"orthographic":false}