{"cameraMode":{"drawMode":0,"name":"Shaded","section":"Shading Mode"},"sceneLighting":false,"audioPlay":false,"sceneViewState":{"showFog":true,"showMaterialUpdate":false,"showSkybox":false,"showFlares":true,"showImageEffects":true,"showParticleSystems":true},"in2DMode":false,"pivot":{"x":0.8305532336235046,"y":4.717308521270752,"z":-2.665228843688965},"rotation":{"x":-0.47553834319114687,"y":-0.04221944138407707,"z":0.02286105789244175,"w":-0.8783838748931885},"size":10.709033966064454,"orthographic":false}