{"cameraMode":{"drawMode":0,"name":"Shaded","section":"Shading Mode"},"sceneLighting":false,"audioPlay":false,"sceneViewState":{"showFog":true,"showMaterialUpdate":false,"showSkybox":false,"showFlares":true,"showImageEffects":true,"showParticleSystems":true},"in2DMode":false,"pivot":{"x":-0.5389678478240967,"y":8.08261775970459,"z":-0.06840944290161133},"rotation":{"x":0.19665353000164033,"y":0.02323790453374386,"z":-0.00466407323256135,"w":0.9801865816116333},"size":25.16865348815918,"orthographic":false}