{"cameraMode":{"drawMode":0,"name":"Shaded","section":"Shading Mode"},"sceneLighting":false,"audioPlay":false,"sceneViewState":{"showFog":true,"showMaterialUpdate":false,"showSkybox":false,"showFlares":true,"showImageEffects":true,"showParticleSystems":true},"in2DMode":false,"pivot":{"x":-0.6825522184371948,"y":6.30707311630249,"z":-0.14225612580776215},"rotation":{"x":0.4404730796813965,"y":-0.02394520491361618,"z":0.011753818020224572,"w":0.8973695039749146},"size":11.958157539367676,"orthographic":false}