{"cameraMode":{"drawMode":0,"name":"Shaded","section":"Shading Mode"},"sceneLighting":false,"audioPlay":false,"sceneViewState":{"showFog":true,"showMaterialUpdate":false,"showSkybox":false,"showFlares":true,"showImageEffects":true,"showParticleSystems":true},"in2DMode":false,"pivot":{"x":-6.906757831573486,"y":0.8449498414993286,"z":-20.50691032409668},"rotation":{"x":0.2220020890235901,"y":-0.3500271439552307,"z":0.08576914668083191,"w":0.9060020446777344},"size":4.406055927276611,"orthographic":false}