{"cameraMode":{"drawMode":0,"name":"Shaded","section":"Shading Mode"},"sceneLighting":false,"audioPlay":false,"sceneViewState":{"showFog":true,"showMaterialUpdate":false,"showSkybox":false,"showFlares":true,"showImageEffects":true,"showParticleSystems":true},"in2DMode":false,"pivot":{"x":2.4876163005828859,"y":7.70388650894165,"z":-1.1130592823028565},"rotation":{"x":-0.4094926118850708,"y":-0.15985453128814698,"z":0.07312130928039551,"w":-0.8952182531356812},"size":8.78262996673584,"orthographic":false}