{"cameraMode":{"drawMode":0,"name":"Shaded","section":"Shading Mode"},"sceneLighting":true,"audioPlay":false,"sceneViewState":{"showFog":true,"showMaterialUpdate":false,"showSkybox":true,"showFlares":true,"showImageEffects":true,"showParticleSystems":true},"in2DMode":false,"pivot":{"x":0.9626328945159912,"y":1.390067219734192,"z":-42.13907241821289},"rotation":{"x":0.000014061082765692845,"y":0.9999310374259949,"z":0.011690064333379269,"w":-0.0011997694382444025},"size":4.196523666381836,"orthographic":false}