{"cameraMode":{"drawMode":0,"name":"Shaded","section":"Shading Mode"},"sceneLighting":false,"audioPlay":false,"sceneViewState":{"showFog":true,"showMaterialUpdate":false,"showSkybox":false,"showFlares":true,"showImageEffects":true,"showParticleSystems":true},"in2DMode":false,"pivot":{"x":-13.705596923828125,"y":2.7808995246887209,"z":-46.131900787353519},"rotation":{"x":-0.07673389464616776,"y":0.000595225254073739,"z":-0.00004588122828863561,"w":-0.9970514178276062},"size":10.988435745239258,"orthographic":false}