{"cameraMode":{"drawMode":0,"name":"Shaded","section":"Shading Mode"},"sceneLighting":false,"audioPlay":false,"sceneViewState":{"showFog":true,"showMaterialUpdate":false,"showSkybox":false,"showFlares":true,"showImageEffects":true,"showParticleSystems":true},"in2DMode":false,"pivot":{"x":-0.6655969619750977,"y":7.535297870635986,"z":0.1481003761291504},"rotation":{"x":-0.33686694502830508,"y":0.05080669745802879,"z":-0.018207412213087083,"w":-0.9400041699409485},"size":9.011720657348633,"orthographic":false}