{"cameraMode":{"drawMode":0,"name":"Shaded","section":"Shading Mode"},"sceneLighting":false,"audioPlay":false,"sceneViewState":{"showFog":true,"showMaterialUpdate":false,"showSkybox":false,"showFlares":true,"showImageEffects":true,"showParticleSystems":true},"in2DMode":false,"pivot":{"x":-0.7366705536842346,"y":6.864518165588379,"z":-3.819999933242798},"rotation":{"x":-0.3485986590385437,"y":-0.012655545026063919,"z":0.004707516171038151,"w":-0.9371748566627502},"size":10.54866886138916,"orthographic":false}