{"cameraMode":{"drawMode":0,"name":"Shaded","section":"Shading Mode"},"sceneLighting":false,"audioPlay":false,"sceneViewState":{"showFog":true,"showMaterialUpdate":false,"showSkybox":false,"showFlares":true,"showImageEffects":true,"showParticleSystems":true},"in2DMode":false,"pivot":{"x":-1.0182385444641114,"y":3.337796449661255,"z":1.0748411417007447},"rotation":{"x":-0.33686694502830508,"y":0.05080669745802879,"z":-0.018207412213087083,"w":-0.9400041699409485},"size":10.738529205322266,"orthographic":false}