{"cameraMode":{"drawMode":0,"name":"Shaded","section":"Shading Mode"},"sceneLighting":false,"audioPlay":false,"sceneViewState":{"showFog":true,"showMaterialUpdate":false,"showSkybox":false,"showFlares":true,"showImageEffects":true,"showParticleSystems":true},"in2DMode":false,"pivot":{"x":-1.1799999475479127,"y":7.73614501953125,"z":-1.1400001049041749},"rotation":{"x":-0.33686694502830508,"y":0.05080669745802879,"z":-0.018207412213087083,"w":-0.9400041699409485},"size":7.767926216125488,"orthographic":false}