{"cameraMode":{"drawMode":0,"name":"Shaded","section":"Shading Mode"},"sceneLighting":false,"audioPlay":false,"sceneViewState":{"showFog":true,"showMaterialUpdate":false,"showSkybox":false,"showFlares":true,"showImageEffects":true,"showParticleSystems":true},"in2DMode":false,"pivot":{"x":-0.5389678478240967,"y":7.753529071807861,"z":-0.06840944290161133},"rotation":{"x":-0.33686694502830508,"y":0.05080669745802879,"z":-0.018207412213087083,"w":-0.9400041699409485},"size":11.963520050048829,"orthographic":false}