{"cameraMode":{"drawMode":0,"name":"Shaded","section":"Shading Mode"},"sceneLighting":false,"audioPlay":false,"sceneViewState":{"showFog":true,"showMaterialUpdate":false,"showSkybox":false,"showFlares":true,"showImageEffects":true,"showParticleSystems":true},"in2DMode":false,"pivot":{"x":-0.4774281978607178,"y":7.416085720062256,"z":-0.4629054069519043},"rotation":{"x":-0.33686694502830508,"y":0.05080669745802879,"z":-0.018207412213087083,"w":-0.9400041699409485},"size":17.971891403198243,"orthographic":false}