{"cameraMode":{"drawMode":0,"name":"Shaded","section":"Shading Mode"},"sceneLighting":false,"audioPlay":false,"sceneViewState":{"showFog":true,"showMaterialUpdate":false,"showSkybox":false,"showFlares":true,"showImageEffects":true,"showParticleSystems":true},"in2DMode":false,"pivot":{"x":1.237300157546997,"y":1.6470000743865967,"z":-37.16726303100586},"rotation":{"x":0.17720630764961244,"y":0.2027035504579544,"z":-0.03732605278491974,"w":0.9623492360115051},"size":1.6724419593811036,"orthographic":false}