{"cameraMode":{"drawMode":0,"name":"Shaded","section":"Shading Mode"},"sceneLighting":false,"audioPlay":false,"sceneViewState":{"showFog":true,"showMaterialUpdate":false,"showSkybox":false,"showFlares":true,"showImageEffects":true,"showParticleSystems":true},"in2DMode":false,"pivot":{"x":-0.9862542152404785,"y":-0.13236024975776673,"z":-0.896685004234314},"rotation":{"x":-0.3099108934402466,"y":-0.06639430671930313,"z":0.021700356155633928,"w":-0.948196291923523},"size":1.663655400276184,"orthographic":false}