{"cameraMode":{"drawMode":0,"name":"Shaded","section":"Shading Mode"},"sceneLighting":false,"audioPlay":false,"sceneViewState":{"showFog":true,"showMaterialUpdate":false,"showSkybox":false,"showFlares":true,"showImageEffects":true,"showParticleSystems":true},"in2DMode":false,"pivot":{"x":0.5504035949707031,"y":3.2493581771850588,"z":-37.535545349121097},"rotation":{"x":0.26946577429771426,"y":0.18378865718841554,"z":-0.052469730377197269,"w":0.9438521265983582},"size":47.40299987792969,"orthographic":false}